-- MySQL dump 10.16  Distrib 10.1.44-MariaDB, for debian-linux-gnu (x86_64)
--
-- Host: localhost    Database: streamingnest
-- ------------------------------------------------------
-- Server version	10.1.44-MariaDB-0ubuntu0.18.04.1

/*!40101 SET @OLD_CHARACTER_SET_CLIENT=@@CHARACTER_SET_CLIENT */;
/*!40101 SET @OLD_CHARACTER_SET_RESULTS=@@CHARACTER_SET_RESULTS */;
/*!40101 SET @OLD_COLLATION_CONNECTION=@@COLLATION_CONNECTION */;
/*!40101 SET NAMES utf8mb4 */;
/*!40103 SET @OLD_TIME_ZONE=@@TIME_ZONE */;
/*!40103 SET TIME_ZONE='+00:00' */;
/*!40014 SET @OLD_UNIQUE_CHECKS=@@UNIQUE_CHECKS, UNIQUE_CHECKS=0 */;
/*!40014 SET @OLD_FOREIGN_KEY_CHECKS=@@FOREIGN_KEY_CHECKS, FOREIGN_KEY_CHECKS=0 */;
/*!40101 SET @OLD_SQL_MODE=@@SQL_MODE, SQL_MODE='NO_AUTO_VALUE_ON_ZERO' */;
/*!40111 SET @OLD_SQL_NOTES=@@SQL_NOTES, SQL_NOTES=0 */;

--
-- Table structure for table `alertBoxes`
--

DROP TABLE IF EXISTS `alertBoxes`;
/*!40101 SET @saved_cs_client     = @@character_set_client */;
/*!40101 SET character_set_client = utf8 */;
CREATE TABLE `alertBoxes` (
  `id` int(11) NOT NULL AUTO_INCREMENT,
  `media` varchar(255) DEFAULT NULL,
  `sound` varchar(255) DEFAULT NULL,
  `messageTemplate` varchar(255) DEFAULT NULL,
  `alertAnimationStart` varchar(255) DEFAULT NULL,
  `alertAnimationEnd` varchar(255) DEFAULT NULL,
  `soundVolume` int(11) DEFAULT NULL,
  `alertDuration` int(11) DEFAULT NULL,
  `backgroundColor` varchar(255) DEFAULT '#fff',
  `alertDelay` int(11) DEFAULT '2',
  `layout` enum('above','banner','side') DEFAULT 'above',
  `createdAt` datetime NOT NULL,
  `updatedAt` datetime NOT NULL,
  `userId` int(11) DEFAULT NULL,
  PRIMARY KEY (`id`),
  KEY `userId` (`userId`),
  CONSTRAINT `alertBoxes_ibfk_1` FOREIGN KEY (`userId`) REFERENCES `users` (`id`) ON DELETE SET NULL ON UPDATE CASCADE
) ENGINE=InnoDB AUTO_INCREMENT=30 DEFAULT CHARSET=utf8;
/*!40101 SET character_set_client = @saved_cs_client */;

--
-- Dumping data for table `alertBoxes`
--

LOCK TABLES `alertBoxes` WRITE;
/*!40000 ALTER TABLE `alertBoxes` DISABLE KEYS */;
INSERT INTO `alertBoxes` VALUES (1,'434642.gif','162537.mp3','رفیقم {نام} {مبلغ} دونیت کرد','flash','fadeOut',100,4,'#f487f8',2,'side','2019-12-29 21:10:08','2020-04-08 01:30:16',1),(2,NULL,NULL,'{name} donated {amount}!','wobble','swing',100,10,'#fff',2,'above','2020-01-10 16:06:16','2020-01-10 16:06:16',2),(3,NULL,NULL,'{name} donated {amount}!','wobble','swing',100,10,'#fff',2,'above','2020-01-10 16:06:24','2020-01-10 16:06:24',3),(4,NULL,NULL,'{name} donated {amount}!','wobble','swing',100,10,'#fff',2,'above','2020-01-10 16:06:36','2020-01-10 16:06:36',4),(5,NULL,NULL,'{name} donated {amount}!','wobble','swing',100,10,'#fff',2,'above','2020-01-10 16:06:38','2020-01-10 16:06:38',5),(6,NULL,NULL,'{name} donated {amount}!','wobble','swing',100,10,'#fff',2,'above','2020-01-10 16:06:39','2020-01-10 16:06:39',6),(7,NULL,NULL,'{name} donated {amount}!','wobble','swing',100,10,'#fff',2,'above','2020-01-10 16:06:43','2020-01-10 16:06:43',7),(8,NULL,NULL,'{name} donated {amount}!','wobble','swing',100,10,'#fff',2,'above','2020-01-10 16:06:44','2020-01-10 16:14:46',8),(9,NULL,NULL,'{نام} {مبلغ} دونیت کرد','wobble','swing',100,10,'#fff',2,'above','2020-01-19 20:15:59','2020-01-19 20:15:59',9),(10,NULL,NULL,'{نام} {مبلغ} دونیت کرد','wobble','swing',100,10,'#fff',2,'above','2020-01-30 14:39:31','2020-01-30 14:39:31',10),(11,'215660.jpeg','26245.mp3','{نام} {مبلغ} دونیت کرد','wobble','swing',100,41,'#fff',2,'above','2020-02-14 21:42:58','2020-02-14 23:38:11',11),(12,NULL,NULL,'{نام} {مبلغ} دونیت کرد','wobble','swing',100,10,'#fff',2,'above','2020-02-27 11:42:29','2020-02-27 11:42:29',12),(13,'412174.gif',NULL,'{نام} {مبلغ} دونیت کرد','wobble','swing',100,10,'#fff',2,'banner','2020-03-14 09:50:05','2020-03-14 09:55:46',13),(14,NULL,NULL,'{نام} {مبلغ} دونیت کرد','wobble','swing',100,10,'#fff',2,'above','2020-03-15 05:52:58','2020-03-15 05:52:58',14),(15,NULL,NULL,'{نام} {مبلغ} دونیت کرد','wobble','swing',100,10,'#fff',2,'above','2020-03-17 21:40:33','2020-03-17 21:40:33',15),(16,NULL,NULL,'{نام} {مبلغ} دونیت کرد','wobble','swing',100,10,'#7eff20',2,'side','2020-03-17 21:40:33','2020-03-17 21:45:26',16),(17,NULL,NULL,'{نام} {مبلغ} دونیت کرد','wobble','swing',100,10,'#fff',2,'above','2020-03-18 17:30:55','2020-03-18 17:30:55',17),(18,NULL,NULL,'{نام} {مبلغ} دونیت کرد','wobble','swing',100,10,'#fff',2,'above','2020-03-21 14:21:06','2020-03-21 14:21:06',18),(19,NULL,NULL,'{نام} {مبلغ} دونیت کرد','wobble','swing',100,10,'#fff',2,'above','2020-03-22 20:46:07','2020-03-22 20:46:07',19),(20,NULL,NULL,'{نام} {مبلغ} دونیت کرد','wobble','swing',100,10,'#fff',2,'above','2020-03-23 01:42:24','2020-03-23 01:42:24',20),(21,NULL,NULL,'{نام} {مبلغ} دونیت کرد','wobble','swing',100,10,'#fff',2,'above','2020-03-24 10:12:45','2020-03-24 10:12:45',21),(22,NULL,NULL,'{نام} {مبلغ} دونیت کرد','wobble','swing',100,10,'#fff',2,'above','2020-03-26 15:35:28','2020-03-26 15:35:28',22),(23,NULL,NULL,'{نام} {مبلغ} دونیت کرد','wobble','swing',100,10,'#fff',2,'above','2020-03-26 18:31:50','2020-03-26 18:31:50',23),(24,NULL,NULL,'{نام} {مبلغ} دونیت کرد','wobble','swing',100,10,'#fff',2,'above','2020-03-27 11:09:09','2020-03-27 11:09:09',24),(25,NULL,NULL,'{نام} {مبلغ} دونیت کرد','wobble','swing',100,10,'#fff',2,'above','2020-03-27 11:34:46','2020-03-27 11:34:46',25),(26,NULL,NULL,'{نام} {مبلغ} دونیت کرد','wobble','swing',100,10,'#fff',2,'above','2020-04-01 23:32:51','2020-04-01 23:32:51',26),(27,NULL,NULL,'{نام} {مبلغ} دونیت کرد','wobble','swing',100,10,'#fff',2,'above','2020-04-09 06:58:02','2020-04-09 06:58:02',27),(28,NULL,NULL,'100000000','wobble','swing',100,10,'#fff',2,'above','2020-04-10 18:52:43','2020-04-10 19:07:31',28),(29,NULL,NULL,'{نام} {مبلغ} دونیت کرد','wobble','swing',100,10,'#fff',2,'above','2020-04-12 12:55:08','2020-04-12 12:55:08',29);
/*!40000 ALTER TABLE `alertBoxes` ENABLE KEYS */;
UNLOCK TABLES;

--
-- Table structure for table `settings`
--

DROP TABLE IF EXISTS `settings`;
/*!40101 SET @saved_cs_client     = @@character_set_client */;
/*!40101 SET character_set_client = utf8 */;
CREATE TABLE `settings` (
  `id` int(11) NOT NULL AUTO_INCREMENT,
  `key` varchar(255) DEFAULT NULL,
  `label` varchar(255) DEFAULT NULL,
  `value` varchar(255) DEFAULT NULL,
  `createdAt` datetime NOT NULL,
  `updatedAt` datetime NOT NULL,
  `userId` int(11) DEFAULT NULL,
  PRIMARY KEY (`id`),
  KEY `userId` (`userId`),
  CONSTRAINT `settings_ibfk_1` FOREIGN KEY (`userId`) REFERENCES `users` (`id`) ON DELETE SET NULL ON UPDATE CASCADE
) ENGINE=InnoDB AUTO_INCREMENT=297 DEFAULT CHARSET=utf8;
/*!40101 SET character_set_client = @saved_cs_client */;

--
-- Dumping data for table `settings`
--

LOCK TABLES `settings` WRITE;
/*!40000 ALTER TABLE `settings` DISABLE KEYS */;
INSERT INTO `settings` VALUES (1,'DONATE_minimumAmount',NULL,'1000','2019-12-29 21:10:08','2019-12-29 21:10:08',1),(2,'DONATE_messageLength',NULL,'255','2019-12-29 21:10:08','2019-12-29 21:10:08',1),(3,'DONATE_buttonColor',NULL,'#ff8000','2019-12-29 21:10:08','2020-01-12 22:26:40',1),(4,'DONATE_description',NULL,'دم شما گرم','2019-12-29 21:10:08','2020-01-11 20:21:54',1),(5,'DONATE_showLeaderboardAmount',NULL,'1','2019-12-29 21:10:08','2019-12-29 21:10:08',1),(6,'DONATE_showLeaderboard',NULL,'1','2019-12-29 21:10:08','2020-01-12 20:27:35',1),(7,'DONATE_bannerImage',NULL,'8141.jpeg','2019-12-29 21:10:08','2019-12-31 11:26:45',1),(8,'DONATE_presetAmount',NULL,'1','2019-12-29 21:10:08','2019-12-29 21:10:08',1),(9,'DONATE_backgroundImage',NULL,'679590.jpeg','2019-12-29 21:10:08','2020-01-12 22:26:40',1),(10,'DONATE_presetAmountItems',NULL,'[1000,10000,2500,5,55]','2019-12-29 21:10:08','2020-01-12 20:23:32',1),(11,'paymentGateway',NULL,'BANK_zarinpal','2019-12-29 22:42:42','2019-12-29 22:42:42',1),(12,'BANK_zarinpal',NULL,'292faff4-8bb4-11e9-baba-000c29344814','2019-12-29 22:42:42','2020-01-09 19:59:08',1),(13,'DONATE_minimumAmount',NULL,'1000','2020-01-10 16:06:16','2020-01-10 16:06:16',2),(14,'DONATE_messageLength',NULL,'255','2020-01-10 16:06:16','2020-01-10 16:06:16',2),(15,'DONATE_buttonColor',NULL,'#000','2020-01-10 16:06:16','2020-01-10 16:06:16',2),(16,'DONATE_description',NULL,'','2020-01-10 16:06:16','2020-01-10 16:06:16',2),(17,'DONATE_showLeaderboard',NULL,'1','2020-01-10 16:06:16','2020-01-10 16:06:16',2),(18,'DONATE_showLeaderboardAmount',NULL,'1','2020-01-10 16:06:16','2020-01-10 16:06:16',2),(19,'DONATE_bannerImage',NULL,'sampleBanner.png','2020-01-10 16:06:16','2020-01-10 16:06:16',2),(20,'DONATE_backgroundImage',NULL,'sampleImage.png','2020-01-10 16:06:16','2020-01-10 16:06:16',2),(21,'DONATE_presetAmount',NULL,'1','2020-01-10 16:06:16','2020-01-10 16:06:16',2),(22,'DONATE_presetAmountItems',NULL,'[1000,5000,10000]','2020-01-10 16:06:16','2020-01-10 16:06:16',2),(23,'DONATE_showLeaderboard',NULL,'1','2020-01-10 16:06:24','2020-01-10 16:06:24',3),(24,'DONATE_messageLength',NULL,'255','2020-01-10 16:06:24','2020-01-10 16:06:24',3),(25,'DONATE_buttonColor',NULL,'#000','2020-01-10 16:06:24','2020-01-10 16:06:24',3),(26,'DONATE_description',NULL,'','2020-01-10 16:06:24','2020-01-10 16:06:24',3),(27,'DONATE_minimumAmount',NULL,'1000','2020-01-10 16:06:24','2020-01-10 16:06:24',3),(28,'DONATE_showLeaderboardAmount',NULL,'1','2020-01-10 16:06:24','2020-01-10 16:06:24',3),(29,'DONATE_backgroundImage',NULL,'sampleImage.png','2020-01-10 16:06:25','2020-01-10 16:06:25',3),(30,'DONATE_bannerImage',NULL,'sampleBanner.png','2020-01-10 16:06:25','2020-01-10 16:06:25',3),(31,'DONATE_presetAmount',NULL,'1','2020-01-10 16:06:25','2020-01-10 16:06:25',3),(32,'DONATE_presetAmountItems',NULL,'[1000,5000,10000]','2020-01-10 16:06:25','2020-01-10 16:06:25',3),(33,'DONATE_minimumAmount',NULL,'1000','2020-01-10 16:06:36','2020-01-10 16:06:36',4),(34,'DONATE_messageLength',NULL,'255','2020-01-10 16:06:36','2020-01-10 16:06:36',4),(35,'DONATE_buttonColor',NULL,'#000','2020-01-10 16:06:36','2020-01-10 16:06:36',4),(36,'DONATE_description',NULL,'','2020-01-10 16:06:36','2020-01-10 16:06:36',4),(37,'DONATE_showLeaderboard',NULL,'1','2020-01-10 16:06:36','2020-01-10 16:06:36',4),(38,'DONATE_bannerImage',NULL,'sampleBanner.png','2020-01-10 16:06:36','2020-01-10 16:06:36',4),(39,'DONATE_backgroundImage',NULL,'sampleImage.png','2020-01-10 16:06:36','2020-01-10 16:06:36',4),(40,'DONATE_showLeaderboardAmount',NULL,'1','2020-01-10 16:06:36','2020-01-10 16:06:36',4),(41,'DONATE_presetAmount',NULL,'1','2020-01-10 16:06:36','2020-01-10 16:06:36',4),(42,'DONATE_presetAmountItems',NULL,'[1000,5000,10000]','2020-01-10 16:06:36','2020-01-10 16:06:36',4),(43,'DONATE_minimumAmount',NULL,'1000','2020-01-10 16:06:38','2020-01-10 16:06:38',5),(44,'DONATE_messageLength',NULL,'255','2020-01-10 16:06:38','2020-01-10 16:06:38',5),(45,'DONATE_buttonColor',NULL,'#000','2020-01-10 16:06:38','2020-01-10 16:06:38',5),(46,'DONATE_description',NULL,'','2020-01-10 16:06:38','2020-01-10 16:06:38',5),(47,'DONATE_showLeaderboard',NULL,'1','2020-01-10 16:06:38','2020-01-10 16:06:38',5),(48,'DONATE_showLeaderboardAmount',NULL,'1','2020-01-10 16:06:38','2020-01-10 16:06:38',5),(49,'DONATE_bannerImage',NULL,'sampleBanner.png','2020-01-10 16:06:38','2020-01-10 16:06:38',5),(50,'DONATE_backgroundImage',NULL,'sampleImage.png','2020-01-10 16:06:38','2020-01-10 16:06:38',5),(51,'DONATE_presetAmount',NULL,'1','2020-01-10 16:06:38','2020-01-10 16:06:38',5),(52,'DONATE_presetAmountItems',NULL,'[1000,5000,10000]','2020-01-10 16:06:38','2020-01-10 16:06:38',5),(53,'DONATE_minimumAmount',NULL,'1000','2020-01-10 16:06:39','2020-01-10 16:06:39',6),(54,'DONATE_messageLength',NULL,'255','2020-01-10 16:06:39','2020-01-10 16:06:39',6),(55,'DONATE_buttonColor',NULL,'#000','2020-01-10 16:06:39','2020-01-10 16:06:39',6),(56,'DONATE_description',NULL,'','2020-01-10 16:06:39','2020-01-10 16:06:39',6),(57,'DONATE_showLeaderboard',NULL,'1','2020-01-10 16:06:39','2020-01-10 16:06:39',6),(58,'DONATE_showLeaderboardAmount',NULL,'1','2020-01-10 16:06:39','2020-01-10 16:06:39',6),(59,'DONATE_bannerImage',NULL,'sampleBanner.png','2020-01-10 16:06:39','2020-01-10 16:06:39',6),(60,'DONATE_presetAmount',NULL,'1','2020-01-10 16:06:39','2020-01-10 16:06:39',6),(61,'DONATE_backgroundImage',NULL,'sampleImage.png','2020-01-10 16:06:39','2020-01-10 16:06:39',6),(62,'DONATE_presetAmountItems',NULL,'[1000,5000,10000]','2020-01-10 16:06:39','2020-01-10 16:06:39',6),(63,'DONATE_minimumAmount',NULL,'1000','2020-01-10 16:06:43','2020-01-10 16:06:43',7),(64,'DONATE_messageLength',NULL,'255','2020-01-10 16:06:43','2020-01-10 16:06:43',7),(65,'DONATE_buttonColor',NULL,'#000','2020-01-10 16:06:43','2020-01-10 16:06:43',7),(66,'DONATE_description',NULL,'','2020-01-10 16:06:43','2020-01-10 16:06:43',7),(67,'DONATE_showLeaderboard',NULL,'1','2020-01-10 16:06:43','2020-01-10 16:06:43',7),(68,'DONATE_showLeaderboardAmount',NULL,'1','2020-01-10 16:06:43','2020-01-10 16:06:43',7),(69,'DONATE_bannerImage',NULL,'sampleBanner.png','2020-01-10 16:06:43','2020-01-10 16:06:43',7),(70,'DONATE_backgroundImage',NULL,'sampleImage.png','2020-01-10 16:06:43','2020-01-10 16:06:43',7),(71,'DONATE_presetAmount',NULL,'1','2020-01-10 16:06:43','2020-01-10 16:06:43',7),(72,'DONATE_presetAmountItems',NULL,'[1000,5000,10000]','2020-01-10 16:06:43','2020-01-10 16:06:43',7),(73,'DONATE_minimumAmount',NULL,'1000','2020-01-10 16:06:45','2020-01-10 16:06:45',8),(74,'DONATE_messageLength',NULL,'255','2020-01-10 16:06:45','2020-01-10 16:06:45',8),(75,'DONATE_buttonColor',NULL,'#000','2020-01-10 16:06:45','2020-01-10 16:06:45',8),(76,'DONATE_description',NULL,'','2020-01-10 16:06:45','2020-01-10 16:06:45',8),(77,'DONATE_showLeaderboard',NULL,'1','2020-01-10 16:06:45','2020-01-10 16:06:45',8),(78,'DONATE_bannerImage',NULL,'sampleBanner.png','2020-01-10 16:06:45','2020-01-10 16:06:45',8),(79,'DONATE_showLeaderboardAmount',NULL,'1','2020-01-10 16:06:45','2020-01-10 16:06:45',8),(80,'DONATE_presetAmountItems',NULL,'[1000,5000,10000]','2020-01-10 16:06:45','2020-01-10 16:06:45',8),(81,'DONATE_presetAmount',NULL,'1','2020-01-10 16:06:45','2020-01-10 16:06:45',8),(82,'DONATE_backgroundImage',NULL,'sampleImage.png','2020-01-10 16:06:45','2020-01-10 16:06:45',8),(83,'DONATE_minimumAmount',NULL,'1000','2020-01-19 20:15:59','2020-01-19 20:15:59',9),(84,'DONATE_showLeaderboard',NULL,'1','2020-01-19 20:15:59','2020-01-19 20:15:59',9),(85,'DONATE_description',NULL,'','2020-01-19 20:15:59','2020-01-19 20:15:59',9),(86,'DONATE_messageLength',NULL,'255','2020-01-19 20:15:59','2020-01-19 20:15:59',9),(87,'DONATE_buttonColor',NULL,'#000','2020-01-19 20:15:59','2020-01-19 20:15:59',9),(88,'DONATE_showLeaderboardAmount',NULL,'1','2020-01-19 20:15:59','2020-01-19 20:15:59',9),(89,'DONATE_backgroundImage',NULL,'sampleImage.png','2020-01-19 20:15:59','2020-01-19 20:15:59',9),(90,'DONATE_bannerImage',NULL,'sampleBanner.png','2020-01-19 20:15:59','2020-01-19 20:15:59',9),(91,'DONATE_presetAmount',NULL,'1','2020-01-19 20:15:59','2020-01-19 20:15:59',9),(92,'DONATE_presetAmountItems',NULL,'[1000,5000,10000]','2020-01-19 20:15:59','2020-01-19 20:15:59',9),(93,'DONATE_minimumAmount',NULL,'1000','2020-01-30 14:39:31','2020-01-30 14:39:31',10),(94,'DONATE_showLeaderboard',NULL,'1','2020-01-30 14:39:31','2020-01-30 14:39:31',10),(95,'DONATE_buttonColor',NULL,'#000','2020-01-30 14:39:31','2020-01-30 14:39:31',10),(96,'DONATE_messageLength',NULL,'255','2020-01-30 14:39:31','2020-01-30 14:39:31',10),(97,'DONATE_description',NULL,'','2020-01-30 14:39:31','2020-01-30 14:39:31',10),(98,'DONATE_bannerImage',NULL,'sampleBanner.png','2020-01-30 14:39:31','2020-01-30 14:39:31',10),(99,'DONATE_backgroundImage',NULL,'sampleImage.png','2020-01-30 14:39:31','2020-01-30 14:39:31',10),(100,'DONATE_showLeaderboardAmount',NULL,'1','2020-01-30 14:39:31','2020-01-30 14:39:31',10),(101,'DONATE_presetAmount',NULL,'1','2020-01-30 14:39:31','2020-01-30 14:39:31',10),(102,'DONATE_presetAmountItems',NULL,'[1000,5000,10000]','2020-01-30 14:39:31','2020-01-30 14:39:31',10),(103,'DONATE_minimumAmount',NULL,'1000','2020-02-14 21:42:58','2020-02-14 21:42:58',11),(104,'DONATE_buttonColor',NULL,'#00ff00','2020-02-14 21:42:58','2020-02-14 23:30:31',11),(105,'DONATE_messageLength',NULL,'255','2020-02-14 21:42:58','2020-02-14 21:42:58',11),(106,'DONATE_description',NULL,'','2020-02-14 21:42:58','2020-02-14 21:42:58',11),(107,'DONATE_showLeaderboard',NULL,'1','2020-02-14 21:42:58','2020-02-14 21:42:58',11),(108,'DONATE_bannerImage',NULL,'sampleBanner.png','2020-02-14 21:42:58','2020-02-14 21:42:58',11),(109,'DONATE_showLeaderboardAmount',NULL,'1','2020-02-14 21:42:58','2020-02-14 21:42:58',11),(110,'DONATE_presetAmount',NULL,'0','2020-02-14 21:42:58','2020-02-14 23:30:31',11),(111,'DONATE_backgroundImage',NULL,'613181.jpeg','2020-02-14 21:42:58','2020-02-14 23:30:31',11),(112,'DONATE_presetAmountItems',NULL,'[1000,5000,10000]','2020-02-14 21:42:58','2020-02-14 21:42:58',11),(113,'DONATE_minimumAmount',NULL,'1000','2020-02-27 11:42:29','2020-02-27 11:42:29',12),(114,'DONATE_messageLength',NULL,'255','2020-02-27 11:42:29','2020-02-27 11:42:29',12),(115,'DONATE_showLeaderboard',NULL,'1','2020-02-27 11:42:29','2020-02-27 11:42:29',12),(116,'DONATE_showLeaderboardAmount',NULL,'1','2020-02-27 11:42:29','2020-02-27 11:42:29',12),(117,'DONATE_buttonColor',NULL,'#000','2020-02-27 11:42:29','2020-02-27 11:42:29',12),(118,'DONATE_description',NULL,'','2020-02-27 11:42:29','2020-02-27 11:42:29',12),(119,'DONATE_bannerImage',NULL,'sampleBanner.png','2020-02-27 11:42:29','2020-02-27 11:42:29',12),(120,'DONATE_backgroundImage',NULL,'sampleImage.png','2020-02-27 11:42:29','2020-02-27 11:42:29',12),(121,'DONATE_presetAmount',NULL,'1','2020-02-27 11:42:29','2020-02-27 11:42:29',12),(122,'DONATE_presetAmountItems',NULL,'[1000,5000,10000]','2020-02-27 11:42:29','2020-02-27 11:42:29',12),(123,'DONATE_description',NULL,'','2020-03-14 09:50:06','2020-03-14 09:50:06',13),(124,'DONATE_buttonColor',NULL,'#000','2020-03-14 09:50:06','2020-03-14 09:50:06',13),(125,'DONATE_minimumAmount',NULL,'1000','2020-03-14 09:50:06','2020-03-14 09:50:06',13),(126,'DONATE_messageLength',NULL,'255','2020-03-14 09:50:06','2020-03-14 09:50:06',13),(127,'DONATE_bannerImage',NULL,'sampleBanner.png','2020-03-14 09:50:06','2020-03-14 09:50:06',13),(128,'DONATE_showLeaderboardAmount',NULL,'1','2020-03-14 09:50:06','2020-03-14 09:50:06',13),(129,'DONATE_showLeaderboard',NULL,'1','2020-03-14 09:50:06','2020-03-14 09:50:06',13),(130,'DONATE_backgroundImage',NULL,'sampleImage.png','2020-03-14 09:50:06','2020-03-14 09:50:06',13),(131,'DONATE_presetAmount',NULL,'1','2020-03-14 09:50:06','2020-03-14 09:50:06',13),(132,'DONATE_presetAmountItems',NULL,'[1000,5000,10000]','2020-03-14 09:50:06','2020-03-14 09:50:06',13),(133,'DONATE_minimumAmount',NULL,'1000','2020-03-15 05:52:59','2020-03-15 05:52:59',14),(134,'DONATE_messageLength',NULL,'255','2020-03-15 05:52:59','2020-03-15 05:52:59',14),(135,'DONATE_description',NULL,'','2020-03-15 05:52:59','2020-03-15 05:52:59',14),(136,'DONATE_showLeaderboard',NULL,'1','2020-03-15 05:52:59','2020-03-15 05:52:59',14),(137,'DONATE_buttonColor',NULL,'#000','2020-03-15 05:52:59','2020-03-15 05:52:59',14),(138,'DONATE_showLeaderboardAmount',NULL,'1','2020-03-15 05:52:59','2020-03-15 05:52:59',14),(139,'DONATE_bannerImage',NULL,'sampleBanner.png','2020-03-15 05:52:59','2020-03-15 05:52:59',14),(140,'DONATE_backgroundImage',NULL,'sampleImage.png','2020-03-15 05:52:59','2020-03-15 05:52:59',14),(141,'DONATE_presetAmount',NULL,'1','2020-03-15 05:52:59','2020-03-15 05:52:59',14),(142,'DONATE_presetAmountItems',NULL,'[1000,5000,10000]','2020-03-15 05:52:59','2020-03-15 05:52:59',14),(143,'DONATE_buttonColor',NULL,'#000','2020-03-17 21:40:33','2020-03-17 21:40:33',15),(144,'DONATE_description',NULL,'','2020-03-17 21:40:33','2020-03-17 21:40:33',15),(145,'DONATE_showLeaderboard',NULL,'1','2020-03-17 21:40:33','2020-03-17 21:40:33',15),(146,'DONATE_messageLength',NULL,'255','2020-03-17 21:40:33','2020-03-17 21:40:33',15),(147,'DONATE_minimumAmount',NULL,'1000','2020-03-17 21:40:34','2020-03-17 21:40:34',15),(148,'DONATE_showLeaderboardAmount',NULL,'1','2020-03-17 21:40:34','2020-03-17 21:40:34',15),(149,'DONATE_presetAmountItems',NULL,'[1000,5000,10000]','2020-03-17 21:40:34','2020-03-17 21:40:34',15),(150,'DONATE_bannerImage',NULL,'sampleBanner.png','2020-03-17 21:40:34','2020-03-17 21:40:34',15),(151,'DONATE_presetAmount',NULL,'1','2020-03-17 21:40:34','2020-03-17 21:40:34',15),(152,'DONATE_backgroundImage',NULL,'sampleImage.png','2020-03-17 21:40:34','2020-03-17 21:40:34',15),(153,'DONATE_minimumAmount',NULL,'1000','2020-03-17 21:40:34','2020-03-17 21:40:34',16),(154,'DONATE_messageLength',NULL,'255','2020-03-17 21:40:34','2020-03-17 21:40:34',16),(155,'DONATE_description',NULL,'','2020-03-17 21:40:34','2020-03-17 21:40:34',16),(156,'DONATE_buttonColor',NULL,'#000','2020-03-17 21:40:34','2020-03-17 21:40:34',16),(157,'DONATE_showLeaderboard',NULL,'1','2020-03-17 21:40:34','2020-03-17 21:40:34',16),(158,'DONATE_showLeaderboardAmount',NULL,'1','2020-03-17 21:40:34','2020-03-17 21:40:34',16),(159,'DONATE_bannerImage',NULL,'sampleBanner.png','2020-03-17 21:40:34','2020-03-17 21:40:34',16),(160,'DONATE_backgroundImage',NULL,'sampleImage.png','2020-03-17 21:40:34','2020-03-17 21:40:34',16),(161,'DONATE_presetAmountItems',NULL,'[1000,5000,10000]','2020-03-17 21:40:34','2020-03-17 21:40:34',16),(162,'DONATE_presetAmount',NULL,'1','2020-03-17 21:40:34','2020-03-17 21:40:34',16),(163,'DONATE_description',NULL,'','2020-03-18 17:30:55','2020-03-18 17:30:55',17),(164,'DONATE_messageLength',NULL,'255','2020-03-18 17:30:55','2020-03-18 17:30:55',17),(165,'DONATE_minimumAmount',NULL,'1000','2020-03-18 17:30:55','2020-03-18 17:30:55',17),(166,'DONATE_buttonColor',NULL,'#000','2020-03-18 17:30:55','2020-03-18 17:30:55',17),(167,'DONATE_showLeaderboard',NULL,'1','2020-03-18 17:30:55','2020-03-18 17:30:55',17),(168,'DONATE_bannerImage',NULL,'sampleBanner.png','2020-03-18 17:30:55','2020-03-18 17:30:55',17),(169,'DONATE_showLeaderboardAmount',NULL,'1','2020-03-18 17:30:55','2020-03-18 17:30:55',17),(170,'DONATE_presetAmountItems',NULL,'[1000,5000,10000]','2020-03-18 17:30:55','2020-03-18 17:30:55',17),(171,'DONATE_presetAmount',NULL,'1','2020-03-18 17:30:55','2020-03-18 17:30:55',17),(172,'DONATE_backgroundImage',NULL,'sampleImage.png','2020-03-18 17:30:55','2020-03-18 17:30:55',17),(173,'BANK_zarinpal',NULL,'Ycyxx','2020-03-18 17:31:38','2020-03-18 17:31:38',17),(174,'paymentGateway',NULL,'BANK_zarinpal','2020-03-18 17:31:38','2020-03-18 17:31:38',17),(175,'DONATE_buttonColor',NULL,'#000','2020-03-21 14:21:06','2020-03-21 14:21:06',18),(176,'DONATE_minimumAmount',NULL,'1000','2020-03-21 14:21:06','2020-03-21 14:21:06',18),(177,'DONATE_description',NULL,'','2020-03-21 14:21:06','2020-03-21 14:21:06',18),(178,'DONATE_messageLength',NULL,'255','2020-03-21 14:21:06','2020-03-21 14:21:06',18),(179,'DONATE_bannerImage',NULL,'sampleBanner.png','2020-03-21 14:21:07','2020-03-21 14:21:07',18),(180,'DONATE_backgroundImage',NULL,'sampleImage.png','2020-03-21 14:21:07','2020-03-21 14:21:07',18),(181,'DONATE_showLeaderboardAmount',NULL,'1','2020-03-21 14:21:07','2020-03-21 14:21:07',18),(182,'DONATE_showLeaderboard',NULL,'1','2020-03-21 14:21:07','2020-03-21 14:21:07',18),(183,'DONATE_presetAmount',NULL,'1','2020-03-21 14:21:07','2020-03-21 14:21:07',18),(184,'DONATE_presetAmountItems',NULL,'[1000,5000,10000]','2020-03-21 14:21:07','2020-03-21 14:21:07',18),(185,'DONATE_buttonColor',NULL,'#000','2020-03-22 20:46:07','2020-03-22 20:46:07',19),(186,'DONATE_messageLength',NULL,'255','2020-03-22 20:46:07','2020-03-22 20:46:07',19),(187,'DONATE_minimumAmount',NULL,'1000','2020-03-22 20:46:07','2020-03-22 20:46:07',19),(188,'DONATE_description',NULL,'','2020-03-22 20:46:07','2020-03-22 20:46:07',19),(189,'DONATE_showLeaderboardAmount',NULL,'1','2020-03-22 20:46:07','2020-03-22 20:46:07',19),(190,'DONATE_showLeaderboard',NULL,'1','2020-03-22 20:46:07','2020-03-22 20:46:07',19),(191,'DONATE_bannerImage',NULL,'sampleBanner.png','2020-03-22 20:46:08','2020-03-22 20:46:08',19),(192,'DONATE_backgroundImage',NULL,'sampleImage.png','2020-03-22 20:46:08','2020-03-22 20:46:08',19),(193,'DONATE_presetAmountItems',NULL,'[1000,5000,10000]','2020-03-22 20:46:08','2020-03-22 20:46:08',19),(194,'DONATE_presetAmount',NULL,'1','2020-03-22 20:46:08','2020-03-22 20:46:08',19),(195,'DONATE_minimumAmount',NULL,'1000','2020-03-23 01:42:24','2020-03-23 01:42:24',20),(196,'DONATE_buttonColor',NULL,'#000','2020-03-23 01:42:24','2020-03-23 01:42:24',20),(197,'DONATE_messageLength',NULL,'255','2020-03-23 01:42:24','2020-03-23 01:42:24',20),(198,'DONATE_description',NULL,'','2020-03-23 01:42:24','2020-03-23 01:42:24',20),(199,'DONATE_showLeaderboard',NULL,'1','2020-03-23 01:42:24','2020-03-23 01:42:24',20),(200,'DONATE_showLeaderboardAmount',NULL,'1','2020-03-23 01:42:24','2020-03-23 01:42:24',20),(201,'DONATE_bannerImage',NULL,'sampleBanner.png','2020-03-23 01:42:24','2020-03-23 01:42:24',20),(202,'DONATE_presetAmount',NULL,'1','2020-03-23 01:42:24','2020-03-23 01:42:24',20),(203,'DONATE_backgroundImage',NULL,'sampleImage.png','2020-03-23 01:42:24','2020-03-23 01:42:24',20),(204,'DONATE_presetAmountItems',NULL,'[1000,5000,10000]','2020-03-23 01:42:24','2020-03-23 01:42:24',20),(205,'DONATE_minimumAmount',NULL,'1000','2020-03-24 10:12:45','2020-03-24 10:12:45',21),(206,'DONATE_buttonColor',NULL,'#000','2020-03-24 10:12:45','2020-03-24 10:12:45',21),(207,'DONATE_messageLength',NULL,'255','2020-03-24 10:12:45','2020-03-24 10:12:45',21),(208,'DONATE_description',NULL,'','2020-03-24 10:12:45','2020-03-24 10:12:45',21),(209,'DONATE_showLeaderboard',NULL,'1','2020-03-24 10:12:45','2020-03-24 10:12:45',21),(210,'DONATE_showLeaderboardAmount',NULL,'1','2020-03-24 10:12:45','2020-03-24 10:12:45',21),(211,'DONATE_bannerImage',NULL,'sampleBanner.png','2020-03-24 10:12:45','2020-03-24 10:12:45',21),(212,'DONATE_backgroundImage',NULL,'sampleImage.png','2020-03-24 10:12:45','2020-03-24 10:12:45',21),(213,'DONATE_presetAmount',NULL,'1','2020-03-24 10:12:45','2020-03-24 10:12:45',21),(214,'DONATE_presetAmountItems',NULL,'[1000,5000,10000]','2020-03-24 10:12:45','2020-03-24 10:12:45',21),(215,'DONATE_minimumAmount',NULL,'1000','2020-03-26 15:35:28','2020-03-26 15:35:28',22),(216,'DONATE_messageLength',NULL,'255','2020-03-26 15:35:28','2020-03-26 15:35:28',22),(217,'DONATE_buttonColor',NULL,'#000','2020-03-26 15:35:28','2020-03-26 15:35:28',22),(218,'DONATE_description',NULL,'','2020-03-26 15:35:28','2020-03-26 15:35:28',22),(219,'DONATE_showLeaderboard',NULL,'1','2020-03-26 15:35:28','2020-03-26 15:35:28',22),(220,'DONATE_showLeaderboardAmount',NULL,'1','2020-03-26 15:35:28','2020-03-26 15:35:28',22),(221,'DONATE_bannerImage',NULL,'sampleBanner.png','2020-03-26 15:35:28','2020-03-26 15:35:28',22),(222,'DONATE_backgroundImage',NULL,'sampleImage.png','2020-03-26 15:35:28','2020-03-26 15:35:28',22),(223,'DONATE_presetAmount',NULL,'1','2020-03-26 15:35:28','2020-03-26 15:35:28',22),(224,'DONATE_presetAmountItems',NULL,'[1000,5000,10000]','2020-03-26 15:35:28','2020-03-26 15:35:28',22),(225,'DONATE_minimumAmount',NULL,'1000','2020-03-26 18:31:51','2020-03-26 18:31:51',23),(226,'DONATE_messageLength',NULL,'255','2020-03-26 18:31:51','2020-03-26 18:31:51',23),(227,'DONATE_buttonColor',NULL,'#000','2020-03-26 18:31:51','2020-03-26 18:31:51',23),(228,'DONATE_description',NULL,'','2020-03-26 18:31:51','2020-03-26 18:31:51',23),(229,'DONATE_showLeaderboard',NULL,'1','2020-03-26 18:31:51','2020-03-26 18:31:51',23),(230,'DONATE_showLeaderboardAmount',NULL,'1','2020-03-26 18:31:51','2020-03-26 18:31:51',23),(231,'DONATE_bannerImage',NULL,'sampleBanner.png','2020-03-26 18:31:51','2020-03-26 18:31:51',23),(232,'DONATE_backgroundImage',NULL,'sampleImage.png','2020-03-26 18:31:51','2020-03-26 18:31:51',23),(233,'DONATE_presetAmount',NULL,'1','2020-03-26 18:31:51','2020-03-26 18:31:51',23),(234,'DONATE_presetAmountItems',NULL,'[1000,5000,10000]','2020-03-26 18:31:51','2020-03-26 18:31:51',23),(235,'DONATE_minimumAmount',NULL,'1000','2020-03-27 11:09:09','2020-03-27 11:09:09',24),(236,'DONATE_messageLength',NULL,'255','2020-03-27 11:09:09','2020-03-27 11:09:09',24),(237,'DONATE_buttonColor',NULL,'#000','2020-03-27 11:09:09','2020-03-27 11:09:09',24),(238,'DONATE_description',NULL,'','2020-03-27 11:09:09','2020-03-27 11:09:09',24),(239,'DONATE_showLeaderboardAmount',NULL,'1','2020-03-27 11:09:09','2020-03-27 11:09:09',24),(240,'DONATE_bannerImage',NULL,'sampleBanner.png','2020-03-27 11:09:09','2020-03-27 11:09:09',24),(241,'DONATE_backgroundImage',NULL,'sampleImage.png','2020-03-27 11:09:09','2020-03-27 11:09:09',24),(242,'DONATE_showLeaderboard',NULL,'1','2020-03-27 11:09:09','2020-03-27 11:09:09',24),(243,'DONATE_presetAmount',NULL,'1','2020-03-27 11:09:09','2020-03-27 11:09:09',24),(244,'DONATE_presetAmountItems',NULL,'[1000,5000,10000]','2020-03-27 11:09:09','2020-03-27 11:09:09',24),(245,'DONATE_minimumAmount',NULL,'1000','2020-03-27 11:34:46','2020-03-27 11:34:46',25),(246,'DONATE_messageLength',NULL,'255','2020-03-27 11:34:46','2020-03-27 11:34:46',25),(247,'DONATE_buttonColor',NULL,'#000','2020-03-27 11:34:46','2020-03-27 11:34:46',25),(248,'DONATE_description',NULL,'','2020-03-27 11:34:46','2020-03-27 11:34:46',25),(249,'DONATE_showLeaderboard',NULL,'1','2020-03-27 11:34:46','2020-03-27 11:34:46',25),(250,'DONATE_showLeaderboardAmount',NULL,'1','2020-03-27 11:34:46','2020-03-27 11:34:46',25),(251,'DONATE_bannerImage',NULL,'sampleBanner.png','2020-03-27 11:34:46','2020-03-27 11:34:46',25),(252,'DONATE_backgroundImage',NULL,'sampleImage.png','2020-03-27 11:34:46','2020-03-27 11:34:46',25),(253,'DONATE_presetAmount',NULL,'1','2020-03-27 11:34:46','2020-03-27 11:34:46',25),(254,'DONATE_presetAmountItems',NULL,'[1000,5000,10000]','2020-03-27 11:34:46','2020-03-27 11:34:46',25),(255,'DONATE_minimumAmount',NULL,'1000','2020-04-01 23:32:51','2020-04-01 23:32:51',26),(256,'DONATE_messageLength',NULL,'255','2020-04-01 23:32:51','2020-04-01 23:32:51',26),(257,'DONATE_buttonColor',NULL,'#000','2020-04-01 23:32:51','2020-04-01 23:32:51',26),(258,'DONATE_description',NULL,'','2020-04-01 23:32:51','2020-04-01 23:32:51',26),(259,'DONATE_showLeaderboard',NULL,'1','2020-04-01 23:32:51','2020-04-01 23:32:51',26),(260,'DONATE_showLeaderboardAmount',NULL,'1','2020-04-01 23:32:51','2020-04-01 23:32:51',26),(261,'DONATE_bannerImage',NULL,'sampleBanner.png','2020-04-01 23:32:51','2020-04-01 23:32:51',26),(262,'DONATE_backgroundImage',NULL,'sampleImage.png','2020-04-01 23:32:51','2020-04-01 23:32:51',26),(263,'DONATE_presetAmount',NULL,'1','2020-04-01 23:32:51','2020-04-01 23:32:51',26),(264,'DONATE_presetAmountItems',NULL,'[1000,5000,10000]','2020-04-01 23:32:51','2020-04-01 23:32:51',26),(265,'DONATE_minimumAmount',NULL,'1000','2020-04-09 06:58:02','2020-04-09 06:58:02',27),(266,'DONATE_messageLength',NULL,'255','2020-04-09 06:58:02','2020-04-09 06:58:02',27),(267,'DONATE_description',NULL,'','2020-04-09 06:58:02','2020-04-09 06:58:02',27),(268,'DONATE_buttonColor',NULL,'#000','2020-04-09 06:58:02','2020-04-09 06:58:02',27),(269,'DONATE_showLeaderboard',NULL,'1','2020-04-09 06:58:02','2020-04-09 06:59:44',27),(270,'DONATE_presetAmount',NULL,'1','2020-04-09 06:58:02','2020-04-09 06:58:02',27),(271,'DONATE_bannerImage',NULL,'sampleBanner.png','2020-04-09 06:58:02','2020-04-09 06:58:02',27),(272,'DONATE_backgroundImage',NULL,'236926.jpeg','2020-04-09 06:58:02','2020-04-09 06:59:44',27),(273,'DONATE_showLeaderboardAmount',NULL,'1','2020-04-09 06:58:02','2020-04-09 06:59:44',27),(274,'DONATE_presetAmountItems',NULL,'[1000,5000,10000]','2020-04-09 06:58:02','2020-04-09 06:58:02',27),(275,'paymentGateway',NULL,'BANK_zarinpal','2020-04-09 20:56:12','2020-04-09 20:56:12',27),(276,'BANK_zarinpal',NULL,'shadow','2020-04-09 20:56:12','2020-04-09 20:56:12',27),(277,'DONATE_minimumAmount',NULL,'1000','2020-04-10 18:52:43','2020-04-10 18:52:43',28),(278,'DONATE_messageLength',NULL,'255','2020-04-10 18:52:43','2020-04-10 18:52:43',28),(279,'DONATE_buttonColor',NULL,'#ff0000','2020-04-10 18:52:43','2020-04-10 18:56:57',28),(280,'DONATE_description',NULL,'','2020-04-10 18:52:43','2020-04-10 18:52:43',28),(281,'DONATE_showLeaderboard',NULL,'1','2020-04-10 18:52:43','2020-04-10 18:56:57',28),(282,'DONATE_bannerImage',NULL,'sampleBanner.png','2020-04-10 18:52:43','2020-04-10 18:52:43',28),(283,'DONATE_showLeaderboardAmount',NULL,'1','2020-04-10 18:52:43','2020-04-10 18:56:57',28),(284,'DONATE_presetAmountItems',NULL,'[1000,5000]','2020-04-10 18:52:43','2020-04-10 18:56:57',28),(285,'DONATE_backgroundImage',NULL,'sampleImage.png','2020-04-10 18:52:43','2020-04-10 18:52:43',28),(286,'DONATE_presetAmount',NULL,'1','2020-04-10 18:52:43','2020-04-10 18:52:43',28),(287,'DONATE_messageLength',NULL,'255','2020-04-12 12:55:08','2020-04-12 12:55:08',29),(288,'DONATE_minimumAmount',NULL,'1000','2020-04-12 12:55:08','2020-04-12 12:55:08',29),(289,'DONATE_buttonColor',NULL,'#000','2020-04-12 12:55:08','2020-04-12 12:55:08',29),(290,'DONATE_description',NULL,'','2020-04-12 12:55:08','2020-04-12 12:55:08',29),(291,'DONATE_bannerImage',NULL,'sampleBanner.png','2020-04-12 12:55:08','2020-04-12 12:55:08',29),(292,'DONATE_backgroundImage',NULL,'sampleImage.png','2020-04-12 12:55:08','2020-04-12 12:55:08',29),(293,'DONATE_showLeaderboardAmount',NULL,'0','2020-04-12 12:55:08','2020-04-12 12:55:08',29),(294,'DONATE_presetAmount',NULL,'1','2020-04-12 12:55:08','2020-04-12 12:55:08',29),(295,'DONATE_showLeaderboard',NULL,'0','2020-04-12 12:55:08','2020-04-12 12:55:08',29),(296,'DONATE_presetAmountItems',NULL,'[1000,5000,10000]','2020-04-12 12:55:08','2020-04-12 12:55:08',29);
/*!40000 ALTER TABLE `settings` ENABLE KEYS */;
UNLOCK TABLES;

--
-- Table structure for table `streamerRevenues`
--

DROP TABLE IF EXISTS `streamerRevenues`;
/*!40101 SET @saved_cs_client     = @@character_set_client */;
/*!40101 SET character_set_client = utf8 */;
CREATE TABLE `streamerRevenues` (
  `id` int(11) NOT NULL AUTO_INCREMENT,
  `fee` varchar(255) DEFAULT NULL,
  `authority` varchar(255) DEFAULT NULL,
  `refId` varchar(255) DEFAULT NULL,
  `transactionStatus` varchar(255) DEFAULT NULL,
  `name` varchar(255) DEFAULT NULL,
  `message` varchar(255) DEFAULT NULL,
  `sendStatus` varchar(255) DEFAULT NULL,
  `createdAt` datetime NOT NULL,
  `updatedAt` datetime NOT NULL,
  `userId` int(11) DEFAULT NULL,
  PRIMARY KEY (`id`),
  KEY `userId` (`userId`),
  CONSTRAINT `streamerRevenues_ibfk_1` FOREIGN KEY (`userId`) REFERENCES `users` (`id`) ON DELETE SET NULL ON UPDATE CASCADE
) ENGINE=InnoDB AUTO_INCREMENT=33 DEFAULT CHARSET=utf8;
/*!40101 SET character_set_client = @saved_cs_client */;

--
-- Dumping data for table `streamerRevenues`
--

LOCK TABLES `streamerRevenues` WRITE;
/*!40000 ALTER TABLE `streamerRevenues` DISABLE KEYS */;
INSERT INTO `streamerRevenues` VALUES (1,'10000',NULL,NULL,'pending','test','test','pending','2019-12-29 22:43:03','2019-12-29 22:43:03',1),(2,'10000',NULL,NULL,'pending','hi','hello','pending','2020-01-01 15:14:20','2020-01-01 15:14:20',1),(3,'1000',NULL,NULL,'purchased',NULL,NULL,NULL,'0000-00-00 00:00:00','0000-00-00 00:00:00',1),(4,'20000',NULL,NULL,'purchased','معین',NULL,NULL,'0000-00-00 00:00:00','0000-00-00 00:00:00',1),(5,'2500',NULL,NULL,'purchased','علی',NULL,NULL,'0000-00-00 00:00:00','0000-00-00 00:00:00',1),(6,'12500',NULL,NULL,'purchased','بابی',NULL,NULL,'0000-00-00 00:00:00','0000-00-00 00:00:00',1),(7,'5000',NULL,NULL,'purchased','ایمان',NULL,NULL,'0000-00-00 00:00:00','0000-00-00 00:00:00',1),(8,'5000',NULL,NULL,'purchased','مرتضی',NULL,NULL,'0000-00-00 00:00:00','0000-00-00 00:00:00',1),(9,'5000',NULL,NULL,'purchased','آرمانی',NULL,NULL,'0000-00-00 00:00:00','0000-00-00 00:00:00',1),(10,'1000','000000000000000000000000000145257880','59997288073','purchased','علی','بسیار عالی','sent','2020-01-13 22:34:29','2020-01-13 22:34:41',1),(11,'1000','000000000000000000000000000145352826','57997906264','purchased','علی','بسیار عالی','sent','2020-01-14 21:22:04','2020-01-14 21:22:21',1),(12,'1000','000000000000000000000000000145473059','68998676685','purchased','علی','بسیار عالی','sent','2020-01-15 22:45:32','2020-01-15 22:45:47',1),(13,'10000',NULL,NULL,'pending','','jjwwjshe','pending','2020-04-09 20:56:36','2020-04-09 20:56:36',27),(14,'10000',NULL,NULL,'pending','','jjwwjshe','pending','2020-04-09 20:56:39','2020-04-09 20:56:39',27),(15,'10000',NULL,NULL,'pending','','jjwwjshe','pending','2020-04-09 20:56:44','2020-04-09 20:56:44',27),(16,'10000',NULL,NULL,'pending','','jjwwjshe','pending','2020-04-09 20:56:47','2020-04-09 20:56:47',27),(17,'10000',NULL,NULL,'pending','sam','jjwwjshe','pending','2020-04-09 20:56:54','2020-04-09 20:56:54',27),(18,'10000',NULL,NULL,'pending','sam','jjwwjshe','pending','2020-04-09 20:56:57','2020-04-09 20:56:57',27),(19,'10000',NULL,NULL,'pending','sam','jjwwjshe','pending','2020-04-09 20:56:59','2020-04-09 20:56:59',27),(20,'10000',NULL,NULL,'pending','sam','jjwwjshe','pending','2020-04-09 20:56:59','2020-04-09 20:56:59',27),(21,'10000',NULL,NULL,'pending','sam','jjwwjshe','pending','2020-04-09 20:56:59','2020-04-09 20:56:59',27),(22,'10000',NULL,NULL,'pending','sam','jjwwjshe','pending','2020-04-09 20:56:59','2020-04-09 20:56:59',27),(23,'10000',NULL,NULL,'pending','sam','jjwwjshe','pending','2020-04-09 20:57:00','2020-04-09 20:57:00',27),(24,'10000',NULL,NULL,'pending','sam','jjwwjshe','pending','2020-04-09 20:57:00','2020-04-09 20:57:00',27),(25,'10000',NULL,NULL,'pending','sam','jjwwjshe','pending','2020-04-09 20:57:00','2020-04-09 20:57:00',27),(26,'5000',NULL,NULL,'pending','sam','jjwwjshe','pending','2020-04-09 20:57:01','2020-04-09 20:57:01',27),(27,'5000',NULL,NULL,'pending','sam','jjwwjshe','pending','2020-04-09 20:57:01','2020-04-09 20:57:01',27),(28,'5000',NULL,NULL,'pending','sam','jjwwjshe','pending','2020-04-09 20:57:01','2020-04-09 20:57:01',27),(29,'5000',NULL,NULL,'pending','sam','jjwwjshe','pending','2020-04-09 20:57:02','2020-04-09 20:57:02',27),(30,'5000',NULL,NULL,'pending','sam','jjwwjshe','pending','2020-04-09 20:57:02','2020-04-09 20:57:02',27),(31,'5000',NULL,NULL,'pending','sam','jjwwjshe','pending','2020-04-09 20:57:02','2020-04-09 20:57:02',27),(32,'5000',NULL,NULL,'pending','sam','jjwwjshe','pending','2020-04-09 20:57:02','2020-04-09 20:57:02',27);
/*!40000 ALTER TABLE `streamerRevenues` ENABLE KEYS */;
UNLOCK TABLES;

--
-- Table structure for table `users`
--

DROP TABLE IF EXISTS `users`;
/*!40101 SET @saved_cs_client     = @@character_set_client */;
/*!40101 SET character_set_client = utf8 */;
CREATE TABLE `users` (
  `id` int(11) NOT NULL AUTO_INCREMENT,
  `userName` varchar(255) DEFAULT NULL,
  `fname` varchar(255) DEFAULT NULL,
  `lname` varchar(255) DEFAULT NULL,
  `avatar` varchar(255) DEFAULT NULL,
  `nationalId` varchar(11) DEFAULT NULL,
  `mobile` varchar(17) DEFAULT NULL,
  `email` varchar(255) DEFAULT NULL,
  `password` varchar(60) DEFAULT NULL,
  `nanoid` varchar(255) DEFAULT NULL,
  `createdAt` datetime NOT NULL,
  `updatedAt` datetime NOT NULL,
  PRIMARY KEY (`id`)
) ENGINE=InnoDB AUTO_INCREMENT=30 DEFAULT CHARSET=utf8;
/*!40101 SET character_set_client = @saved_cs_client */;

--
-- Dumping data for table `users`
--

LOCK TABLES `users` WRITE;
/*!40000 ALTER TABLE `users` DISABLE KEYS */;
INSERT INTO `users` VALUES (1,'eleventory',NULL,NULL,'476606.jpeg',NULL,NULL,'eleventory@gmail.com','$2b$10$P4nLTQctt3jXN58ynxX1X.JOlC0V4aG60VKLDXsisUbLu3IIDH5GC','bic_C8slini2i4BoyO1S','2019-12-29 21:10:08','2020-04-06 01:52:23'),(2,'amunathi',NULL,NULL,'avatar.png',NULL,NULL,'icefoxes99@gmail.com','$2b$10$RMiANHoPUTnsx1MXd0f.qOtorWmIN1h4Nkiy2rYUytXNxIPPu3iHe','6bGxm6a2MV4CHUQaf8iw','2020-01-10 16:06:16','2020-01-10 16:06:16'),(3,'amunathi',NULL,NULL,'avatar.png',NULL,NULL,'icefoxes99@gmail.com','$2b$10$opDf5E6wc1BK/wNBKqY5HeFYq/rCFprmb/tcOvuT7YxWhyUmauYIe','i4xaKaTzZiVU4-8XPgiN','2020-01-10 16:06:24','2020-01-10 16:06:24'),(4,'amunathi',NULL,NULL,'avatar.png',NULL,NULL,'icefoxes99@gmail.com','$2b$10$uWXw8nY10JTFHQ20ttneMOXPlLcOBFJQFZY4Nbh/Ay1lqW7DH1z4C','uIZB8NDZIUtIwVJZmxLX','2020-01-10 16:06:36','2020-01-10 16:06:36'),(5,'amunathi',NULL,NULL,'avatar.png',NULL,NULL,'icefoxes99@gmail.com','$2b$10$Ktrfw56HpJbdue13AGdeOuoqyiLFdcDK6Q8WSNSnbF/A0HGBICMpu','g2XHGFOEq4itDNDWHBEh','2020-01-10 16:06:38','2020-01-10 16:06:38'),(6,'amunathi',NULL,NULL,'avatar.png',NULL,NULL,'icefoxes99@gmail.com','$2b$10$hg44CYfJ3miO1jC7kxJDc.RAivZGf4TyPjyVexfzLfA45wT.1uiJG','LCHvzYculNFvr7BYYOai','2020-01-10 16:06:39','2020-01-10 16:06:39'),(7,'amunathi',NULL,NULL,'avatar.png',NULL,NULL,'icefoxes99@gmail.com','$2b$10$nS3JRSsqVXA1SZdVXDt6s...lheKO0FlNgAb9Hcj0jKIZyGzFrlXS','saVmoy6Xeo_p7W34PVWI','2020-01-10 16:06:43','2020-01-10 16:06:43'),(8,'amunathi',NULL,NULL,'641295.jpeg',NULL,NULL,'icefoxes99@gmail.com','$2b$10$VLVXrc9L8//SPaC.Z5hUQOL9tWf3kNrkQLsTJt1gNZLkjrIjSSDqq','ACPIc2BpIyunmfWZ8B0v','2020-01-10 16:06:44','2020-01-10 16:07:44'),(9,'davod',NULL,NULL,'avatar.png',NULL,NULL,'fakor1991@gmail.com','$2b$10$5.Z52s1I.3BfxT8S9.VgUeXAhlWsr.SrrkGxwRfUEEG6Nh4oTI1w.','X9n3stZOFER2riRD9KRv','2020-01-19 20:15:59','2020-01-19 20:15:59'),(10,'babayi8989',NULL,NULL,'avatar.png',NULL,NULL,'7f12af50ef@mailboxok.club','$2b$10$riSBRPkF89P7h4oOWSs.0Oa0lWkWk011o4rYD/leDtgWnYPG8gAqy','Rak70lHkufAjEBqN6H4o','2020-01-30 14:39:31','2020-01-30 14:39:31'),(11,'hp_sa84',NULL,NULL,'330827.jpeg',NULL,NULL,'saleh84.ahmadi@gmail.com','$2b$10$GznkP6F3sZhdB8a58hitnu5iZ9FT0XBI8qVmJnSRJrLjQwU1dzev2','5L5mTMTKAtiJDQbKTLgf','2020-02-14 21:42:58','2020-02-14 21:44:27'),(12,'moein angus',NULL,NULL,'avatar.png',NULL,NULL,'moeinkochaki43@gmail.com','$2b$10$ClWpoi02bgmAij6uD7OtNuzHYSkN6eroyjuSSJD4zPvX6MVZAt.P6','h9ERj5xSwt4eLcT71wXN','2020-02-27 11:42:29','2020-02-27 11:42:29'),(13,'MOBOLEX',NULL,NULL,'avatar.png',NULL,NULL,'mobolex6@gmail.com','$2b$10$OnRs12Izcq0DgCvHdVkBweqFKWzfdu.Ouo9O2bnavP6QsZxgJMAde','t5Xe570Mg90k0CSSDHot','2020-03-14 09:50:05','2020-03-14 09:50:05'),(14,'emirbmd',NULL,NULL,'avatar.png',NULL,NULL,'mrbmd78@gmail.com','$2b$10$C0K/EFPBigGpoJ/TkcRApuWl9zrvYWKBnWD3Y70w5O5K8MlDLanUK','Gnithm7QTn1EMypSOYVD','2020-03-15 05:52:58','2020-03-15 05:52:58'),(15,'pass2016',NULL,NULL,'avatar.png',NULL,NULL,'hoseinahmadi9952@gmail.com','$2b$10$7izBMy7BWldjpZiBFmNWGuSbzgAy9VWMW4Bc1eCQXBh0xUfu2H/Hi','5JnZ7z5b6u6zRAWUdqr_','2020-03-17 21:40:33','2020-03-17 21:40:33'),(16,'pass2016',NULL,NULL,'avatar.png',NULL,NULL,'hoseinahmadi9952@gmail.com','$2b$10$n0jqAMNrVi7kpF9SLavZre95/wEBWaBQXwc6byp6kbrD6hvLNnfLu','fumubgNIWPwuv4LkIiAy','2020-03-17 21:40:33','2020-03-17 21:40:33'),(17,'JAVAD_ADLER',NULL,NULL,'avatar.png',NULL,NULL,'javadadler36y@gmail.com','$2b$10$fREVvapjwM/s9YoPoML7W.BA9uNxga.OtXs/TPf7H10KfoA/tOy6e','SaIgb1Ddmathqu1lnrXj','2020-03-18 17:30:55','2020-03-18 17:30:55'),(18,'el',NULL,NULL,'avatar.png',NULL,NULL,'el@gmail.com','$2b$10$o82R3D8c4BfEyaU.bQW/KuBPyfbH9bWXYUhGnXO9xWdRGoAWlflHW','brq3E4zcjhmoeeI2rraS','2020-03-21 14:21:06','2020-03-21 14:21:06'),(19,'Uuuu',NULL,NULL,'avatar.png',NULL,NULL,'uuuuu','$2b$10$I5AGivb/FCLYd5dHGwIsu.PZevL1e68bxzLHM7g8xm3gB9HkPiLNa','TtXcJF4GbE3zMi-JwcHu','2020-03-22 20:46:07','2020-03-22 20:46:07'),(20,'Sajadjeyko',NULL,NULL,'avatar.png',NULL,NULL,'Sajadjeyko@gmail.com','$2b$10$tvRZXZmbohkzTEwZl4etCugQ9KkhiWPsv9kfmJohwYtGF06OuBkUu','P0sz8wb_hvdTEDXjm1y9','2020-03-23 01:42:24','2020-03-23 01:42:24'),(21,'هر۷لخدپ',NULL,NULL,'avatar.png',NULL,NULL,'chhhcycychchcycfyy@gmail.com','$2b$10$oXY0I3sk4mcy6/CtWhKsReQmritkquXhXUJtZWxlc/M/nVV5Z9DFm','x4dJsSb2hxekUtv57AEl','2020-03-24 10:12:45','2020-03-24 10:12:45'),(22,'aliof1',NULL,NULL,'avatar.png',NULL,NULL,'ali@gmail1.com','$2b$10$QH4hBAkotpArJkeYVBKl7.ww3162wM/fyDwQrtjXRB731nuRhtGJq','QXan3Np0H-Yu-G7NHx_B','2020-03-26 15:35:28','2020-03-26 15:35:28'),(23,'Sobhan_GnxG',NULL,NULL,'avatar.png',NULL,NULL,'Sobhanaaa098@gmail.com','$2b$10$91VoHJyzoJJ5NBVaiGv6e.iAnn3fyxv1JQb9Fg/dOtZEpECU964rS','RrOMa6HdZf0pWOoeF4yz','2020-03-26 18:31:50','2020-03-26 18:31:50'),(24,'آتیلا',NULL,NULL,'avatar.png',NULL,NULL,'atilaesmaili1383@gmail.com','$2b$10$Iut4ZPKldkX6Sd41lvwOk.4yP24vv6tvLK5N8HLST045M62anujvW','8B38-3qJYdmmPWlK_O8Q','2020-03-27 11:09:09','2020-03-27 11:09:09'),(25,'Xpert',NULL,NULL,'avatar.png',NULL,NULL,'arsham.masoomiazad@gmail.com','$2b$10$87nTaH.8hfuRkm.MTlqrEuP8nyiLQYD7HXDfUDQllYWd3m/ybWlRu','hrFcMuQuk4nM6fPnIPVE','2020-03-27 11:34:46','2020-03-27 11:34:46'),(26,'kiyanrafie10',NULL,NULL,'avatar.png',NULL,NULL,'kiyan.rafee@gmail.com','$2b$10$7Yxwk78lNh4v2bM5z5R9c.2hnAPIIJSzeHMcjv85wEF6IjrgPq3hm','_Q-WnOmFYabfYRIe4YpO','2020-04-01 23:32:51','2020-04-01 23:32:51'),(27,'sam.coder',NULL,NULL,'avatar.png',NULL,NULL,'nolock754@gmail.com','$2b$10$VMWMlw4KMgUP44z1si02C.YafmpmhrL1wnHfO.ncBVS036KdSDtde','fc3K0Q7vplCFyA8fmyWk','2020-04-09 06:58:02','2020-04-09 06:58:02'),(28,'ahmad',NULL,NULL,'avatar.png',NULL,NULL,'yaldas850@gmail.com','$2b$10$r5ihdjgN2i5WfEwqr49kpOQENBtGwlDeJIbWsfw904/zwHCRB/Qom','1DDmFBB-NY4tQDtAk3t8','2020-04-10 18:52:43','2020-04-10 18:52:43'),(29,'vv4nt3d',NULL,NULL,'avatar.png',NULL,NULL,'monitor.sinasss@gmail.com','$2b$10$VdxajcoDz63GL5.W.vz6rOJW.vmtVaaA3hJXQrDDVfaSp2MFxTi.m','p6DqlXnXnX4e44o1ld0y','2020-04-12 12:55:08','2020-04-12 12:55:08');
/*!40000 ALTER TABLE `users` ENABLE KEYS */;
UNLOCK TABLES;
/*!40103 SET TIME_ZONE=@OLD_TIME_ZONE */;

/*!40101 SET SQL_MODE=@OLD_SQL_MODE */;
/*!40014 SET FOREIGN_KEY_CHECKS=@OLD_FOREIGN_KEY_CHECKS */;
/*!40014 SET UNIQUE_CHECKS=@OLD_UNIQUE_CHECKS */;
/*!40101 SET CHARACTER_SET_CLIENT=@OLD_CHARACTER_SET_CLIENT */;
/*!40101 SET CHARACTER_SET_RESULTS=@OLD_CHARACTER_SET_RESULTS */;
/*!40101 SET COLLATION_CONNECTION=@OLD_COLLATION_CONNECTION */;
/*!40111 SET SQL_NOTES=@OLD_SQL_NOTES */;

-- Dump completed on 2020-04-16 13:30:22
